policy,label,runs,success_rate,upstream_failure_rate,cfr,safe_failure_rate,avg_trip_count,corrupted,clean,cascades,corrupted_and_cascade,clean_and_cascade,cfr_injected,cfr_clean,lift,utility
no_cb,No CB,0,0.000000,0.000000,0.000000,0.000000,0.000000,0,0,0,0,0,0.000000,0.000000,0.000000,0.000000
ai_cb,AI-guided CB,0,0.000000,0.000000,0.000000,0.000000,0.000000,0,0,0,0,0,0.000000,0.000000,0.000000,0.000000
adaptive_cb,Adaptive CB,0,0.000000,0.000000,0.000000,0.000000,0.000000,0,0,0,0,0,0.000000,0.000000,0.000000,0.000000
completeness_cb,Completeness CB,25,0.880000,0.400000,0.300000,0.000000,0.000000,17,8,3,1,2,0.058824,0.250000,-0.191176,0.280000
