policy,label,runs,success_rate,upstream_failure_rate,cfr,safe_failure_rate,avg_trip_count,corrupted,clean,cascades,corrupted_and_cascade,clean_and_cascade,cfr_injected,cfr_clean,lift,utility
no_cb,No CB,0,0.000000,0.000000,0.000000,0.000000,0.000000,0,0,0,0,0,0.000000,0.000000,0.000000,0.000000
ai_cb,AI-guided CB,75,0.893333,0.213333,0.500000,0.000000,0.226667,36,39,8,3,5,0.083333,0.128205,-0.044872,0.360000
adaptive_cb,Adaptive CB,0,0.000000,0.000000,0.000000,0.000000,0.000000,0,0,0,0,0,0.000000,0.000000,0.000000,0.000000
