policy,label,runs,success_rate,upstream_failure_rate,cfr,safe_failure_rate,avg_trip_count,corrupted,clean,cascades,corrupted_and_cascade,clean_and_cascade,cfr_injected,cfr_clean,lift,utility
no_cb,No CB,25,0.760000,0.480000,0.500000,0.000000,0.000000,14,11,6,2,4,0.142857,0.363636,-0.220779,-0.440000
ai_cb,AI-guided CB,25,0.760000,0.320000,0.750000,0.000000,0.200000,12,13,6,4,2,0.333333,0.153846,0.179487,-0.440000
adaptive_cb,Adaptive CB,25,0.920000,0.160000,0.500000,0.000000,0.120000,10,15,2,2,0,0.200000,0.000000,0.200000,0.520000
