policy,label,runs,success_rate,upstream_failure_rate,cfr,safe_failure_rate,avg_trip_count,corrupted,clean,cascades,corrupted_and_cascade,clean_and_cascade,cfr_injected,cfr_clean,lift,utility
no_cb,No CB,75,0.920000,0.240000,0.333333,0.000000,0.000000,26,49,6,1,5,0.038462,0.102041,-0.063579,0.520000
ai_cb,AI-guided CB,0,0.000000,0.000000,0.000000,0.000000,0.000000,0,0,0,0,0,0.000000,0.000000,0.000000,0.000000
adaptive_cb,Adaptive CB,0,0.000000,0.000000,0.000000,0.000000,0.000000,0,0,0,0,0,0.000000,0.000000,0.000000,0.000000
