policy,label,runs,success_rate,upstream_failure_rate,cfr,safe_failure_rate,avg_trip_count,corrupted,clean,cascades,corrupted_and_cascade,clean_and_cascade,cfr_injected,cfr_clean,lift,utility
no_cb,No CB,0,0.000000,0.000000,0.000000,0.000000,0.000000,0,0,0,0,0,0.000000,0.000000,0.000000,0.000000
ai_cb,AI-guided CB,75,0.906667,0.240000,0.388889,0.000000,0.226667,25,50,7,2,5,0.080000,0.100000,-0.020000,0.440000
adaptive_cb,Adaptive CB,0,0.000000,0.000000,0.000000,0.000000,0.000000,0,0,0,0,0,0.000000,0.000000,0.000000,0.000000
