policy,label,runs,success_rate,upstream_failure_rate,cfr,safe_failure_rate,avg_trip_count,utility
no_cb,No CB,25,0.920000,0.120000,0.000000,0.080000,0.000000,0.920000
ai_cb,AI-guided CB,25,0.760000,0.120000,0.000000,0.240000,0.320000,0.760000
adaptive_cb,Adaptive CB,25,0.720000,0.280000,0.142857,0.240000,0.320000,0.520000
